[
  {
    "title": "首页",
    "icon": " ",
    "spread": true,
    "href": ""
  },
  {
    "title": "一级导航",
    "icon": "fa-stop-circle",
    "spread": true,
    "href": "http://www.baidu.com",
    "children": [
      {
        "title": "二级导航",
        "icon": "",
        "href": "lala.html",
        "spread": true,
        "children": [
          {
            "title": "三级导航",
            "icon": " ",
            "href": "/user/userList"
          },
          {
            "title": "三级导航",
            "icon": " ",
            "href": "buttwswon.html"
          }
        ]
      }
    ]
  },
  {
    "title": "一级导航",
    "icon": "fa-stop-circle",
    "spread": true,
    "href": "http://www.baidu.com"
  },
  {
    "title": "一级导航",
    "icon": "fa-stop-circle",
    "spread": true,
    "href": "http://www.baidu.com"
  },
  {
    "title": "一级导航",
    "icon": "fa-stop-circle",
    "spread": true,
    "href": "http://www.baidu.com"
  }
]